,tra_lr_mean,tra_sup_loss_mean,tra_sup_dice_DSC1,tra_sup_dice_DSC2,tra_sup_dice_DSC3,tra_sup_dice_DSC_mean,val_loss_mean,val_dice_DSC1,val_dice_DSC2,val_dice_DSC3,val_dice_DSC_mean
0,1e-06,1.4692951112985608,0.00789296068251133,0.08148478716611862,0.01281679980456829,0.03406484921773275,1.4335306326548252,0.00633025960996747,0.08819448202848434,0.005918003153055906,0.03348091493050257
1,4.09e-05,1.13612730562687,0.07265546172857285,0.24402624368667603,0.11098014563322067,0.14255395034948984,1.034802105691698,0.4234549105167389,0.4215628206729889,0.47635385394096375,0.44045719504356384
2,8.08e-05,0.898668223321438,0.45457786321640015,0.5857065916061401,0.7428861260414124,0.5943901936213175,0.8488985419273376,0.7439062595367432,0.7201472520828247,0.8819180130958557,0.7819905082384745
3,0.00012069999999999999,0.727800008058548,0.5490200519561768,0.681581437587738,0.7794468998908997,0.6700161298116049,0.6488862951596576,0.7759268283843994,0.803835391998291,0.88572096824646,0.8218277295430502
4,0.0001606,0.5528975798189638,0.5778517127037048,0.6901881098747253,0.7884235978126526,0.6854878067970276,0.46040561066733465,0.7825647592544556,0.810166597366333,0.8943543434143066,0.8290285666783651
5,0.0002005,0.3860312868654729,0.5949077606201172,0.6926925182342529,0.7933788299560547,0.6936597029368082,0.31862938205401103,0.7832920551300049,0.8073440790176392,0.8701673746109009,0.8202678362528483
6,0.0002404,0.272411924302578,0.592940092086792,0.6929882168769836,0.7911826372146606,0.6923703153928121,0.22426266603999667,0.7748137712478638,0.8125389218330383,0.8898828625679016,0.8257451852162679
7,0.0002803,0.2063961907476186,0.605216383934021,0.6926917433738708,0.7864227890968323,0.6947769721349081,0.1666886074675454,0.7787492275238037,0.8078932762145996,0.8934125304222107,0.8266850113868713
8,0.0003202,0.16042677268385883,0.6126604080200195,0.6931498050689697,0.7907240390777588,0.6988447507222494,0.13592104050848225,0.7762881517410278,0.7680855989456177,0.8941953778266907,0.8128563761711121
