,tra_lr_mean,tra_sup_loss_mean,tra_sup_dice_DSC1,tra_sup_dice_DSC2,tra_sup_dice_DSC3,tra_sup_dice_DSC_mean,val_loss_mean,val_dice_DSC1,val_dice_DSC2,val_dice_DSC3,val_dice_DSC_mean
0,1e-07,1.5410072564342878,0.009114266373217106,0.07096856832504272,0.030346333980560303,0.036809722892940044,1.541079643037584,0.0075051006861031055,0.06465984880924225,0.020803187042474747,0.030989378845940035
